ID	Cluster	Replicon	Replicon_group	Replicon_subvariant
repUS7_1_reppHTbeta_AB183714	1004	repUS7	repUS7	
repUS5_1_CDS20pETB_NC003265	1005	repUS5	repUS5	
rep3_2_rep165pBMB165_DQ242517	1006	rep3	rep3	
rep3_3_reppBT9727_CP000047	1006	rep3	rep3	
rep3_1_rep63ApAW63_BTH011655	1007	rep3	rep3	
rep3_4_CDS38pOX2_NC002146	1007	rep3	rep3	
rep12_1_CDS32pBMB67_DQ363750	1008	rep12	rep12	
rep12_2_CDS1plasmid_AY278324	1008	rep12	rep12	
repUS11__CDS16pTEF3_AE016832	1009	repUS11	repUS11	
repUS1_1_repEDOp2_CP003585	1010	repUS1	repUS1	
rep2_1_orf1pRE25_X92945	1011	rep2	rep2	
rep2_2_repRpEF1_DQ198088	1011	rep2	rep2	
rep1_1_repEpAMbeta_AF007787	1012	rep1	rep1	
rep1_2_repSpSM19035_AY357120	1012	rep1	rep1	
rep1_3_repRpGB354_U83488	1012	rep1	rep1	
rep1_4_repEpIP816_AM932524	1012	rep1	rep1	
rep1_5_CDS6pRE25_X92945	1012	rep1	rep1	
rep1_6_repEpTEF1_AE016833	1012	rep1	rep1	
repUS18__reppKKS825_FN377602.2	1013	repUS18	repUS18	
repUS20_1_reppAVX_CP001784	1014	repUS20	repUS20	
repUS10_1_CDS25pSSP1_AP008935	1015	repUS10	repUS10	
rep19a_1_repApUB101_NC005127	1016	rep19a	rep19a	
rep22_1a_repBpUB110_X03408	1017	rep22	rep22	
rep22_2_repUpKKS825_FN377602	1017	rep22	rep22	
repUS4_1_repApCI2000_AF178424	1018	repUS4	repUS4	
repUS16_1_repFpE194_M17811	1019	repUS16	repUS16	
rep21_2_reppNVH01_AJ512814	1020	rep21	rep21	
rep21_3_reppS0385_AM990995	1020	rep21	rep21	
rep21_4_repRCpSK41_AF051917	1020	rep21	rep21	
rep21_5_repRCpGO1_FM207042	1020	rep21	rep21	
rep21_6_reppBMSa1_AY541446	1020	rep21	rep21	
rep21_14_reppKH21_EU350088	1020	rep21	rep21	
rep17_1_CDS29pRUM_AF507977	1021	rep17	rep17	
repUS15_1_repADO3_CP003586	1022	repUS15	repUS15	
rep23_1_reppPR9_GU237136	1023	rep23	rep23	
rep23_2_reppV030_EU366902	1023	rep23	rep23	
rep8_1_EP002_pAM373_NC002630	1024	rep8a	rep8a	
rep9a_1_repApAD1_L01794	1025	rep9a	rep9a	
rep9b_4_repA2pTEF2_AE016831	1026	rep9b	rep9b	
rep9c_2_prgWpCF10_AY855841	1027	rep9c	rep9c	
rep9c_3_repApPD1_D78016	1027	rep9c	rep9c	
rep21_1_reppWBG754_GQ900396	1028	rep21	rep21	
rep21_7_reppWBG760_GQ900473	1029	rep21	rep21	
rep21_8_repSAP071A_GQ900485	1029	rep21	rep21	
rep21_9_reppKH12_EU168704	1029	rep21	rep21	
rep21_11_reppSA1308_AB254848	1029	rep21	rep21	
rep21_12_reppKH3_AF151117	1029	rep21	rep21	
rep21_20_p020pLGA251_FR821780	1029	rep21	rep21	
rep21_22_CDS1pUSA01_NC007790	1029	rep21	rep21	
pXuzhou21_1__CP001927	1030	pXuzhou21,pSL483	unassigned	
pSL483_1__CP001137	1030	pXuzhou21,pSL483	unassigned	
rep20_3_reppTW20_FN433597	1031	rep20	rep20	
rep20_4_repASAP102A_GQ900496	1031	rep20	rep20	
rep20_5_repApSK23_GQ900491.1	1031	rep20	rep20	
rep20_6_repASAP059A_GQ900480	1031	rep20	rep20	
rep20_7_repASAP074A_GQ900426	1031	rep20	rep20	
rep20_8_repASAP063A_GQ900418	1031	rep20	rep20	
rep20_9_repASAP055A_GQ900414	1031	rep20	rep20	
rep20_10_repASAP057A_NC_013334.1	1031	rep20	rep20	
rep24a_1_reppWBG745_GQ900389	1032	rep24a	rep24a	
rep19_12_reppN315_AP003139	1033	rep19	rep19	
rep19_2_reppSA1379_NC007931	1033	rep19	rep19	
rep19_3_CDS20pSJH901_CP000704	1033	rep19	rep19	
rep19_5_reppWBG747_GQ900399	1033	rep19	rep19	
rep19_6_ORF34EDINA_AP003089	1033	rep19	rep19	
rep19_7_repASAP019A_GQ900385	1033	rep19	rep19	
rep19_8_repApWBG759_GQ900401	1033	rep19	rep19	
rep19_9_repAAP071A_GQ900485	1033	rep19	rep19	
rep19_10_reppWBG746_GQ900390	1033	rep19	rep19	
rep8b_1_repApEJ97p1_AJ49170	1034	rep8b	rep8b	
rep11b_1_repApEF1071_AF164559	1035	rep11b	rep11b	
rep24b_1_reppWBG749_GQ900391	1036	rep24b	rep24b	
pYE854_1__AM905950	1037	pYE854	unassigned	
pENTAS02_1__CP003028	1038	pENTAS02	unassigned	
rep11c_3_reppEFR_AF511037	1039	rep11c	rep11c	
rep19c_1_CDS45pLEW6932_NC009130	1040	rep19c	rep19c	
repUS21_1_reppWBG764_GQ900468	1041	repUS21	repUS21	
rep15_1_repApLW043_AE017171	1042	rep15	rep15	
repUS8_1_ORF1pOg32_LOPPOG32	1043	repUS8	repUS8	
rep14b_3_reppRI1_EU327398	1044	rep14b	rep14b	
rep7a_16_repCCassette_AB037671	1045	rep7a	rep7a	
rep7a_13_CDS1plasmidJ3358_U36910	1045	rep7a	rep7a	
rep7a_10_ORFpKH1_SAU38656	1045	rep7a	rep7a	
rep7a_14_CDS3pUSA02_NC007791	1045	rep7a	rep7a	
rep7a_12_repCpKH17_NC010284	1045	rep7a	rep7a	
rep7a_11_repSAP060B_GQ900417	1045	rep7a	rep7a	
rep7a_15_repCpS0385p1_AM990993	1045	rep7a	rep7a	
rep7a_21_CDS1pCW7_J03323	1046	rep7,rep7a	rep7,rep7a	
rep7_13_reppSBK203_U35036.1	1046	rep7,rep7a	rep7,rep7a	
rep7a_17_CDS4pS194_NC005564	1047	rep7a	rep7a	
rep7a_18_reppS0385p2_AM990994	1047	rep7a	rep7a	
rep7b_1_repJpC223_NC_005243	1048	rep7b	rep7b	
rep7b_3_SAP089A003SAP089A_GQ900440	1048	rep7b	rep7b	
rep11a_1_repApB82_AB178871	1049	rep11a	rep11a	
rep7b_2_reppVGA_NC011605	1050	rep7b	rep7b	
rep7a_5_repDpTZ4_NC010111	1051	rep7a	rep7a	
rep20_2_repApWBG753_GQ900395	1052	rep20	rep20	
rep20_11_repAVRSAp_AP003367	1052	rep20	rep20	
repUS23_1_repASAP099B_GQ900449	1053	repUS23	repUS23	
rep7a_7_reppKH7_NC002096	1054	rep7a	rep7a	
rep18a_1_repAp200B_AB158402	1055	rep18a	rep18a	
rep5b_2_reppRJ6_AF241888	1056	rep5b	rep5b	
pIP32953_1__BX936400	1057	pIP32953	unassigned	
rep13_3_reppWBG1773_EF537646	1058	rep13	rep13	
repUS9_1_reppSK1_AF203376	1059	repUS9	repUS9	
pIP31758p59_1__CP000718	1060	pIP31758(p59)	unassigned	
pIP31758p153_1__CP000719	1061	pIP31758(p153)	unassigned	
p0111_1__AP010962	1062	p0111	unassigned	
rep20_1_ORF1EDINA_AP003089	1063	rep20	rep20	
IncFIBpHCM2_1__AL513384	1064	IncFIB(pHCM2)	IncFIB	pHCM2
pKPC-CAV1320_1___CP011573	1065	pKPC-CAV1320	unassigned	
rep5a_1_repSAP001pN315_AP003139	1066	rep5a	rep5a	
rep5a_3_reppWBG752_GQ900394	1066	rep5a	rep5a	
rep5a_4_repSAP047A_GQ900405	1066	rep5a	rep5a	
rep5c_1_reppRJ9_AF447813	1067	rep5c	rep5c	
rep4b_1_repBpMBB1_EFU26268	1068	rep4b	rep4b	
rep7a_4_repDpK214_NC009751	1069	rep7,rep7a	rep7,rep7a	
rep7_16_repD_AY939911	1069	rep7,rep7a	rep7,rep7a	
rep13_4_reppKH13_EU170347	1070	rep13	rep13	
rep13_1_ORFpC194_V01277	1071	rep13	rep13	
rep13_2_CDS39pSSP1_AP008935	1071	rep13	rep13	
rep13_5_reppMC524/MBM_AJ312056	1071	rep13	rep13	
rep4a_1_repBpCRL2911_NC002799	1072	rep4a	rep4a	
rep4a_2_CDS3pKC5b_AF378372	1072	rep4a	rep4a	
rep7c_1_repMSSA476_BX571857	1073	rep7c	rep7c	
repUS17_1_reppKKS825_FN377602	1074	repUS17	repUS17	
IncFIBpCTU1_1__FN543094	1075	IncFIB(pCTU1)	IncFIB	pCTU1
IncP6_1__JF785550	1076	IncP6	IncP6	
repUS12_1_reppUB110_AF181950	1077	repUS12	repUS12	
rep14a_1_CDS2pEFNP1_AB038522	1078	rep14a	rep14a	
IncY_1__K02380	1079	IncY	IncY	
pESA2_1__CP000784	1080	pESA2	unassigned	
IncT_1__AP004237	1081	IncT	IncT	
IncFIIpECLA_1__CP001919	1082	IncFII(pECLA)	IncFII	pECLA
rep16_1_CDS8pSAS_BX571858	1083	rep16	rep16	
rep16_2_CDS6pSJH101_CP000737	1083	rep16	rep16	
rep16_3_reppSaa6159_CP002115	1083	rep16	rep16	
rep16_4_SAP056A024SAP056A_GQ900478	1083	rep16	rep16	
rep16_5_SAP041A019pWBG759_GQ900401	1083	rep16	rep16	
rep16_6_SAP071A015SAP071A_GQ900485	1083	rep16	rep16	
rep16_7_Orf247pBORa53_AY917098	1083	rep16	rep16	
IncFIBpQil_1__JN233705	1084	IncFIB(pQil)	IncFIB	pQil
IncM1_1__U27345	1085	IncM1	IncM1	
rep6_1_repApS86_AJ223161	1086	rep6	rep6	
IncX4_2__FN543504	1087	IncX4	IncX4	
pEC4115_1__NC_011351	1088	pEC4115	unassigned	
IncFIBpCTU3_1__FN543096	1089	IncFIB(pCTU3)	IncFIB	pCTU3
pKP1433_1__JX397875	1090	pKP1433	unassigned	
IncFIBAP001918_1__AP001918	1091	IncFIB(AP001918)	IncFIB	AP001918
repUS2_1_repApBI143_BFU30316	1092	repUS2	repUS2	
repUS3_1_repM200pBM200_DQ437521	1093	repUS3	repUS3	
IncFIIpYVa12790_1__AY150843	1094	IncFII(pYVa12790)	IncFII	pYVa12790
IncL_1__JN626286	1095	IncM2,IncL	IncM2,IncL	
IncM2_1__AF550415	1095	IncM2,IncL	IncM2,IncL	
IncFIBS_1__FN432031	1096	IncFIB(S),IncFIB(pB171)	IncFIB	pB171,S
IncFIBpB171_1__AB024946	1096	IncFIB(S),IncFIB(pB171)	IncFIB	pB171,S
repUS22_1_repSAP015B_GQ900502	1097	repUS22	repUS22	
rep5d_1_reppJE1_AF051916	1098	rep5d	rep5d	
IncHI2A_1__BX664015	1099	IncHI2A	IncHI2A	
pSM22_1__NC_015972	1100	pSM22	unassigned	
pKPC-CAV1193_1__CP013325	1101	pKPC-CAV1193	unassigned	
pKPC-CAV1321_CP011611	1102	pKPC-CAV1321	unassigned	
IncFIIpCRY_1__NC_005814	1103	IncFII(pCRY)	IncFII	pCRY
repUS19_1_reppDLK3_GU562626	1104	repUS19	repUS19	
IncP1_2__U67194	1105	IncP1	IncP1	
IncFIIpKPX1_1__AP012055	1106	IncFII(pKPX1)	IncFII	pKPX1
IncFIIpCTU2_1__FN543095	1107	IncFII(pCTU2)	IncFII	pCTU2
IncFIIpMET_1__EU383016	1108	IncFII(pMET)	IncFII	pMET
IncHI1BpNDM-MAR_1__JN420336	1109	IncHI1B(pNDM-MAR)	IncHI1B	pNDM-MAR
IncU_1__DQ401103	1110	IncU	IncU	
rep18b_2_repApEF418_AF408195	1111	rep18b	rep18b	
IncFIBK_1__JN233704	1112	IncFIB(K)	IncFIB	K
IncFIBpECLA_1__CP001919	1113	IncFIB(pECLA)	IncFIB	pECLA
IncFIBpLF82-PhagePlasmid_1__CU638872	1114	IncFIB(pLF82-PhagePlasmid)	IncFIB	pLF82-PhagePlasmid
IncFIBpKPHS1_1__CP003223	1115	IncFIB(pKPHS1)	IncFIB	pKPHS1
IncFIBpENTE01_1__CP000654	1116	IncFIB(pENTE01)	IncFIB	pENTE01
IncFIBpENTAS01_1__CP003027	1117	IncFIB(pENTAS01)	IncFIB	pENTAS01
IncFIIpENTA_1__CP003027	1118	IncFII(pENTA)	IncFII	pENTA
IncHI1BR27_1__AF250878	1119	IncHI1B(R27),IncHI1B(pNDM-CIT)	IncHI1B	R27,pNDM-CIT
IncHI1BpNDM-CIT_1__JX182975	1119	IncHI1B(R27),IncHI1B(pNDM-CIT)	IncHI1B	R27,pNDM-CIT
pADAP_1__AF135182	1120	pADAP	unassigned	
IncFIIp96A_1__JQ418521	1121	IncFII(p96A)	IncFII	p96A
pJARS36_1__NC_015068	1122	pJARS36	unassigned	
IncN_1__AY046276	1123	IncN	IncN	
repUS6_1_reppFL1_NC002132	1124	repUS6	repUS6	
IncFII_1__AY458016	1125	IncFII(29),IncFII,IncFII(pSFO),IncFIC(FII),IncFII(pCoo),IncFII(pSE11)	IncFIC,IncFII	pCoo,FII,pSFO,pSE11,29
IncFICFII_1__AP001918	1125	IncFII(29),IncFII,IncFII(pSFO),IncFIC(FII),IncFII(pCoo),IncFII(pSE11)	IncFIC,IncFII	pCoo,FII,pSFO,pSE11,29
IncFIIpSE11_1__AP009242	1125	IncFII(29),IncFII,IncFII(pSFO),IncFIC(FII),IncFII(pCoo),IncFII(pSE11)	IncFIC,IncFII	pCoo,FII,pSFO,pSE11,29
IncFIIpCoo_1__CR942285	1125	IncFII(29),IncFII,IncFII(pSFO),IncFIC(FII),IncFII(pCoo),IncFII(pSE11)	IncFIC,IncFII	pCoo,FII,pSFO,pSE11,29
IncFII29_1__CP003035	1125	IncFII(29),IncFII,IncFII(pSFO),IncFIC(FII),IncFII(pCoo),IncFII(pSE11)	IncFIC,IncFII	pCoo,FII,pSFO,pSE11,29
IncFIIpSFO_1__AF401292	1125	IncFII(29),IncFII,IncFII(pSFO),IncFIC(FII),IncFII(pCoo),IncFII(pSE11)	IncFIC,IncFII	pCoo,FII,pSFO,pSE11,29
rep10_2_CDS1pIM13_M13761	1126	rep10	rep10	
rep10_3_pNE131p1pNE131_NC001390	1126	rep10	rep10	
rep10_4_repLpDLK1_GU562624.1	1126	rep10	rep10	
rep10_5_repLpWBG738_DQ088624	1126	rep10	rep10	
IncN2_1__JF785549	1127	IncN3,IncN2	IncN3,IncN2	
IncN3_1__EF219134	1127	IncN3,IncN2	IncN3,IncN2	
rep10_6_repSAP093B_GQ900442	1128	rep10	rep10	
rep10b_3_reppSK3_SAU96609	1129	rep10b	rep10b	
rep10b_2_reppSK6_U96610	1129	rep10b	rep10b	
IncQ2_1__FJ696404	1130	IncQ2	IncQ2	
IncQ1_1__HE654726	1131	IncQ1	IncQ1	
IncFIISARC14_1__JQ418540	1132	IncFII(SARC14)	IncFII	SARC14
IncFIBpNDM-Mar_1__JN420336	1133	IncFIB(pNDM-Mar)	IncFIB	pNDM-Mar
IncHI1A_1__AF250878	1134	IncHI1A	IncHI1A	
IncHI1ANDM-CIT_1__JX182975	1135	IncHI1A(NDM-CIT)	IncHI1A	NDM-CIT
IncC_1__JN157804	1136	IncA,IncC	IncA,IncC	
IncA_1__FJ705807	1136	IncA,IncC	IncA,IncC	
rep14a_2_ORF1pKQ10_EFU01917	1137	rep14a	rep14a	
IncFIIpseudo_1__NC_011759	1138	IncFII(pseudo)	IncFII	pseudo
IncFIA_1__AP001918	1139	IncFIA	IncFIA	
IncFIAHI1_1__AF250878	1140	IncFIA(HI1)	IncFIA	HI1
IncX1_1__EU370913	1141	IncX1	IncX1	
IncX1_3__CP001123	1141	IncX1	IncX1	
IncX1_4__JN935898	1141	IncX1	IncX1	
IncX2_1__JQ269335	1142	IncX2	IncX2	
IncX3_1__JN247852	1143	IncX3	IncX3	
IncX3pEC14_1__JN935899	1144	IncX3(pEC14)	IncX3	pEC14
IncX4_1__CP002895	1145	IncX4	IncX4	
IncX5_1__NC_015054	1146	IncX5	IncX5	
IncX6_1__AM942760	1147	IncX6	IncX6	
P1_alpha_BN000925	1148	P1(alpha)	unassigned	
IncX1_2__CP003417	1149	IncX1	IncX1	
IncHI2_1__BX664015	1150	IncHI2	IncHI2	
IncI2_1_Delta_AP002527	1151	IncI2	IncI2	
IncI2_1__KP347127	1151	IncI2	IncI2	
ColKP3_1__JN205800	1152	Col(KP3)	Col	KP3
IncFIISerratia_1__NC_009829	1153	IncFII(Serratia)	IncFII	Serratia
IncFIIS_1__CP000858	1154	IncFII(S)	IncFII	S
IncFIIYp_1__CP000670	1155	IncFII(p14),IncFII(Yp)	IncFII	Yp,p14
IncFIIp14_1__JQ418538	1155	IncFII(p14),IncFII(Yp)	IncFII	Yp,p14
ColMG828_1__NC_008486	1156	Col(MG828)	Col	MG828
IncFIIpHN7A8_1__JN232517	1157	IncFII(pHN7A8),IncFII(pRSB107)	IncFII	pHN7A8,pRSB107
IncFIIpRSB107_1__AJ851089	1157	IncFII(pHN7A8),IncFII(pRSB107)	IncFII	pHN7A8,pRSB107
IncR_1__DQ449578	1158	IncR	IncR	
IncW_1__EF633507	1159	IncW	IncW	
ColBS512_1__NC_010656	1160	Col(BS512)	Col	BS512
IncFIIpKP91_1__CP000966	1161	IncFII(pKP91)	IncFII	pKP91
IncFIIY_1__CP001049	1162	IncFII(Y)	IncFII	Y
Col8282_1__DQ995352	1163	Col(8282)	Col	8282
ColIMGS31_1__NC_011406	1164	Col(IMGS31)	Col	IMGS31
ColSD853_1__NC_015392	1165	Col(SD853)	Col	SD853
ColYe4449_1__FJ696405	1166	Col(Ye4449)	Col	Ye4449
ColpVC_1__JX133088	1167	Col(pVC)	Col	pVC
ColBS512_2__NC_010656	1168	Col(BS512)	Col	BS512
ColMP18_1__NC_013652	1169	Col(MP18)	Col	MP18
ColIRGK_1__AY543071	1170	Col(IRGK)	Col	IRGK
ColpWES_1__DQ268764	1171	Col(pWES)	Col	pWES
ColKPHS6_1__NC_016841	1172	Col(KPHS6)	Col	KPHS6
ColE10_1__X01654	1173	Col(E10)	Col	E10
ColVCM04_1__HM231165	1174	Col(VCM04)	Col	VCM04
ColYF27601_1__JF937655	1175	Col(YF27601)	Col	YF27601
IncB/O/K/Z_1__CU928147	1176	IncB/O/K/Z	IncB/O/K/Z	
IncB/O/K/Z_3__GQ259888	1176	IncB/O/K/Z	IncB/O/K/Z	
IncB/O/K/Z_2__GU256641	1176	IncB/O/K/Z	IncB/O/K/Z	
IncB/O/K/Z_4__FN868832	1176	IncB/O/K/Z	IncB/O/K/Z	
Col3M_1__JX514065	1177	Col(3M)	Col	3M
Col156_1__NC_009781	1178	Col(156)	Col	156
ColYC_1__NC_002144	1179	Col(YC)	Col	YC
IncFIIK_1__CP000648	1180	IncFII(K)	IncFII	K
IncI1-Igamma_1__AP005147	1181	IncI1-I(gamma)	IncI1-I	gamma
ColMGD2_1__NC_003789	1182	Col(MGD2)	Col	MGD2
ColRNAI_1__DQ298019	1183	Col(RNAI)	Col	RNAI
